{
  "schedule": "cosine",
  "eta_ref": 0.00535,
  "w_ref": 64,
  "T_ref": 2048,
  "c_w": -0.374,
  "c_T": -0.617,
  "widths": [
    4,
    8,
    16,
    32,
    64,
    128,
    256,
    512
  ],
  "eta_width": [
    0.013670377447098312,
    0.011497865596549141,
    0.009843525648877763,
    0.007584698648297278,
    0.004607639427324404,
    0.0055972614211904905,
    0.0024915468362074486,
    0.002493066173505301
  ],
  "Tsteps": [
    256,
    512,
    1024,
    2048,
    4096,
    8192
  ],
  "eta_T": [
    0.01809662610165043,
    0.012669490177120912,
    0.009397170696153043,
    0.004607639427324404,
    0.0024997652962830018,
    0.002774348744734945
  ]
}