{
  "problem": {
    "input_dim": 32,
    "teacher_width": 256,
    "teacher_depth": 2,
    "teacher_act": "gelu",
    "noise_std": 0.1,
    "val_size": 16384,
    "seed": 0
  },
  "irreducible_loss": 0.010000000000000002,
  "widths": [
    8,
    12,
    16,
    24,
    32,
    48,
    64,
    96,
    128,
    384,
    512,
    1024,
    2048
  ],
  "D": [
    1024,
    2048,
    4096,
    8192,
    8296,
    8430,
    12097,
    13724,
    14902,
    16384,
    20417,
    21036,
    22041,
    26427,
    32768,
    37093,
    41055,
    41717,
    59862,
    65536,
    67918,
    73747,
    101038,
    109074,
    130778,
    131072,
    183563,
    203169,
    206441,
    262144,
    296237,
    336104,
    364950,
    500003,
    524288,
    539769,
    647176,
    908392,
    1005417,
    1021611,
    1048576,
    2097152,
    4194304,
    8388608,
    16777216,
    33554432,
    67108864,
    134217728,
    268435456,
    536870912,
    1073741824
  ],
  "seeds": [
    0
  ],
  "batch_size": 256,
  "n_hidden": 2,
  "cosine_lr_law": {
    "eta_ref": 0.00535,
    "w_ref": 64,
    "T_ref": 2048,
    "c_w": -0.374,
    "c_T": -0.617
  },
  "preset": "full"
}